Barrett,Volkman,002-50-1549,Suite 841 66440 Pacocha Key, Daphneberg, SD 14898,South Kadinhaven,Oregon,97205,251.405.7358,barrett@collier.co
Barney,Jast,308-19-5911,299 Giovanny Tunnel, Piercemouth, KS 51286,Lake Lloydmouth,North Carolina,86974,612-952-2548,barney@barrows.org
Elena,Romaguera,573-28-6383,31799 Garfield Drives, Reingerhaven, IL 67269,Jazlynshire,Oregon,42072,862.857.5180,elena@schuster.name
Ross,Beatty,291-59-7328,2416 Kayla Light, Goldnerside, CO 94736,New Mariannaside,New Jersey,61133,956-906-7475,ross@hauck.net
Kiel,Carroll,161-65-9010,70802 Yvette Road, West Michaelachester, NH 80765-1992,Lake Santino,Nevada,93938,(240) 940-2733,kiel@bergnaumjacobson.info
Lamont,Funk,295-92-9541,661 Heaney Plaza, Russelview, CT 47772-4128,Waltershire,Minnesota,70981,(703) 707-2091,lamont@gutkowski.name
Marcelle,Legros,504-12-6063,6984 Feil Tunnel, Prohaskaport, OR 70776-7970,New Rhiannon,Connecticut,48940,731-975-9581,marcelle@johnston.io
Bernhard,Walter,287-21-8342,Suite 154 7671 Bednar Meadows, New Brooklynburgh, RI 96468,Morissettehaven,Maryland,44383,941-409-5217,bernhard@murray.net
Willie,Brown,601-46-5542,8542 Feil Divide, Tyreehaven, CO 10765-7520,East Marc,Oklahoma,66857,(808) 607-1488,willie@zemlak.name
Michele,Schimmel,147-75-3138,5401 Morton Parks, Ambrosemouth, DE 55869-5141,Furmantown,Florida,39144,901.213.7685,michele@murazikhoeger.co
Emil,Kassulke,046-08-1906,Suite 286 93012 Ford Pine, East Odieberg, AL 53452,Patrickburgh,New Hampshire,51771,949-267-1207,emil@torp.org
Johnathon,Borer,835-23-8162,Suite 582 1129 Hermann Curve, Waelchiberg, IL 78546-0396,East Veronaview,North Carolina,52928,248.352.5320,johnathon@boehm.co
Muriel,Schuppe,468-01-5635,Suite 931 943 Easter Freeway, South Jerrod, ME 14842,East Aurelia,Maryland,17620,251-978-0509,muriel@ullrichrutherford.biz
Westley,Gerlach,307-89-3192,9763 Arch Shoal, Lake Bradberg, TN 65629,Denachester,Oklahoma,83600,361-502-3556,westley@murphyauer.info
Evangeline,Ritchie,716-76-4073,Suite 325 29169 Buckridge Mall, New Jeromeberg, OK 43715,Zoraborough,Massachusetts,10974,226-814-8529,evangeline@koelpintillman.net
Elnora,Douglas,366-76-0644,3927 Dietrich Dale, South Brandomouth, NM 77128-9311,South Donnybury,North Dakota,99143,(216) 616-8746,elnora@towne.name
Treva,Lang,779-94-9766,997 Weston Wall, West Summer, NE 34772-4906,Port Nathanbury,Texas,97719,201.336.4471,treva@moenmiller.net
Chadd,Champlin,814-54-7453,Suite 540 5980 Bartoletti Inlet, Lake Briana, TN 13197-9554,New Ruthie,Minnesota,29511,305-814-5491,chadd@mcculloughgaylord.biz
Jessy,Nitzsche,827-43-1821,109 Mittie Trail, Aurelieborough, NY 87225,Clementinahaven,Illinois,71871,209-713-2482,jessy@beer.co
Ada,Schmitt,107-22-6915,Suite 722 5143 Mitchell Gateway, Lewmouth, GA 95557,Kuphalview,New York,16115,408-310-5614,ada@turcotte.name
Jess,McGlynn,809-92-1158,Apt. 997 589 Callie Spring, North Josiemouth, WY 42258-8659,North Zion,Ohio,96449,518-903-4325,jess@greenfelderbernier.io
Maynard,Willms,266-41-4122,97331 Hyatt Lock, Lindgrenchester, MT 13752,Kalebborough,Hawaii,48971,912-773-7025,maynard@schmidtfahey.io
Tony,Herman,478-34-8169,4984 Harber Fords, Enoschester, MN 90935-8284,Port Jovanside,Alabama,11746,424-959-6683,tony@kilback.org
Leslie,Schmidt,301-98-8074,Apt. 776 6597 Kris Forge, South Blancabury, CA 83855-8580,Macejkovicville,Missouri,87264,(919) 662-2087,leslie@rohan.name
Shad,Swift,096-09-9136,84950 Schuppe Mission, North Maud, GA 63720,Greysonstad,New York,92023,571-413-9251,shad@hackett.biz
Louvenia,Cruickshank,126-57-3764,8359 Jackie Mountains, Andersontown, RI 47496,West Sigmund,Connecticut,88091,478-772-5539,louvenia@johns.co
Delilah,Hand,882-79-7418,Suite 691 44431 Torphy Course, Vivaborough, OR 83139-8092,New Luluborough,Indiana,81422,412.205.1777,delilah@wintheiser.co
Hertha,Skiles,352-86-8645,8288 Mayer Corner, Port Georgeton, NY 56804,South Jaquelin,Oklahoma,18776,708-210-6695,hertha@ullrichhyatt.biz
Kali,Reichert,412-90-1126,46695 Joany Common, Medhurstland, ME 64572-5061,Felipatown,Indiana,30824,334.267.3790,kali@dachvolkman.info
Ova,Kshlerin,514-90-3573,948 Conn Ports, Jacquesbury, CA 63599,Abdulton,California,63449,(508) 716-0777,ova@boyerhayes.com
Jewell,Fay,726-04-9877,Suite 838 392 Andre Summit, Lake Berthaberg, FL 78422-4281,Port Haleyburgh,Minnesota,92911,256-623-7648,jewell@runte.io
Armand,Nitzsche,427-49-3921,5776 Murphy Club, Ziemeshire, MT 85714-4336,Fritschhaven,Nevada,34847,(845) 504-4070,armand@bashirian.net
Minerva,Kertzmann,086-17-7774,28020 Lowe Mount, North Angelaborough, WA 29796,Lake Broderickbury,South Dakota,44253,(315) 509-1196,minerva@pollichmedhurst.info
Beau,Bahringer,699-75-6199,748 Dayana Prairie, Leopoldville, MA 54685,North Larry,Wyoming,19221,351.320.8577,beau@herzog.biz
Stephan,McClure,302-31-0784,311 Mueller Parkways, Walshton, HI 98674,New Ernatown,Mississippi,35365,281-270-3653,stephan@haagbins.info
Rodolfo,Walsh,685-57-4903,Suite 300 35368 Anthony Pine, South Ibrahimport, HI 33339-5555,South Elianefurt,Indiana,28720,865-732-8313,rodolfo@schaden.biz
Emery,Leuschke,889-54-5416,836 Rowe Lake, Neomafort, NH 80099-4326,North Mellie,Maryland,60523,(219) 205-8515,emery@breitenberg.info
Derek,Runolfsdottir,421-90-8590,Suite 553 68484 Beryl Manors, Port Mauriceport, MI 30989-3384,North Jada,Kentucky,94871,(334) 971-5543,derek@walker.biz
Jaeden,Emmerich,496-52-4568,Suite 479 7938 Blair Harbor, Port Skye, NJ 27520-5869,East Rosannaville,Texas,56035,215-959-1187,jaeden@feestpollich.io
Dante,Bode,014-75-3665,45489 Herta Alley, Millerstad, NV 98556-9162,Oberbrunnerstad,Idaho,34781,818.530.2348,dante@fritschstroman.name
Lauretta,Weber,717-27-0764,119 Kadin Burg, Heaneymouth, WY 22040-9121,North Bennymouth,Vermont,46353,(772) 313-6298,lauretta@hagenes.co
Sim,Quigley,021-33-0795,Apt. 802 670 Dach Plain, Lake Camilla, DE 96823-4084,New Modesto,New Hampshire,82719,(478) 908-6482,sim@crooks.net
Estevan,Kulas,823-43-7814,576 Kling Motorway, Kunzebury, ME 91337-4346,Bernhardmouth,Idaho,32008,781.781.8099,estevan@ritchie.com
Kim,Schiller,609-52-6041,902 Kaitlin Courts, Zboncakfort, NV 74015-4037,Chasityfort,Missouri,41611,(401) 308-4826,kim@prosacco.info
Kiana,Homenick,148-04-4118,Suite 246 55310 Mills Crescent, South Maryside, AK 69535-4264,Mooremouth,Texas,40004,517-513-0014,kiana@west.biz
Etha,Lynch,088-78-4828,3763 Enid Street, Simonistown, AK 19314,East Barrett,Ohio,83137,469-318-9765,etha@turcotte.co
Antonetta,Gerhold,563-99-5008,Suite 455 5055 Mueller Harbor, Armstrongland, UT 96834,Vicentastad,Alabama,60992,785-835-5448,antonetta@roob.info
Davon,Leffler,802-52-4604,7905 Henderson Rapid, South Frederique, WA 36379,Schinnerfort,Massachusetts,28686,864.559.0297,davon@maggio.co
Javier,Haley,377-39-1505,Apt. 974 76335 Weber Walks, Bereniceview, IL 23069,Sharonborough,New York,20383,607.701.0152,javier@anderson.net
Estrella,Bergstrom,677-12-2242,Suite 402 38395 Georgianna Well, West Shanontown, WA 59507,Jerdeborough,Arizona,81567,662-580-9367,estrella@kertzmann.info
Jimmy,Hills,381-02-1178,890 Chloe Villages, Kosschester, IN 66891,West Griffin,Missouri,70515,315.423.9339,jimmy@macejkovic.co
Carroll,Jast,487-26-8667,Suite 856 7847 Walter Wells, Rathshire, VT 82972-9657,Port Esmeraldastad,Delaware,36680,816-970-4507,carroll@krajcikcole.com
Lance,Anderson,037-53-3404,406 Corene Expressway, Lake Mattfurt, NM 37151,South Domenicoburgh,California,47765,(651) 478-3722,lance@mclaughlin.io
Glenna,Cummings,886-20-4056,Suite 823 82777 Rippin Fields, New Jamal, WI 15795-6000,Hillsport,California,14617,704-361-0621,glenna@borer.org
Roosevelt,Treutel,286-30-1945,Suite 691 34508 Romaguera Isle, Zboncakfort, MN 44501,North Neilland,Montana,26293,(920) 623-1967,roosevelt@fritsch.info
Valentin,Beier,017-14-0774,Apt. 789 465 Rau Well, Kirlinbury, DE 96454,Lexiview,Alabama,27561,412-215-9328,valentin@cormieroconner.io
Cordia,Johnston,152-92-4753,84729 Kris Heights, Kennedyfort, DE 38037,Port Lucas,Illinois,82775,(928) 975-1458,cordia@strosin.org
Trace,Kessler,800-87-7591,381 Lenore Lake, Prohaskashire, NY 21196-5846,Lululand,Vermont,89204,(773) 209-8527,trace@gaylorddamore.net
Damien,Ullrich,558-76-0497,17830 Dare Loaf, New Rowanfort, WI 78506,Cristopherburgh,Utah,65259,310.715.2920,damien@wisozk.io
Hillary,Wintheiser,547-13-0847,Suite 781 453 Tiffany Trafficway, Ziemannview, FL 86431-7559,West Norvaltown,South Dakota,79770,319-215-2341,hillary@greenholtroberts.com
Laila,Jacobs,208-31-1194,Suite 322 390 Makenna Rue, Jonview, WY 29178-5606,North Alek,Kentucky,66264,954.931.3878,laila@vandervort.com
Candelario,Sanford,890-53-5733,49641 Rodger Pine, Towneborough, ME 93584-5912,Willfort,Wisconsin,72181,225-843-8160,candelario@mraz.biz
Edwardo,Gleason,488-16-4129,4813 Bradtke Run, Elizabethport, ME 89684-1608,Swaniawskitown,Kentucky,43284,(479) 562-6499,edwardo@bergstrom.info
Effie,Runolfsson,428-08-3764,Apt. 568 237 Bayer Vista, Hayesborough, GA 75943-5899,East Mollytown,Alabama,62760,970-775-5284,effie@mccullough.name
Toni,Johns,152-24-7867,639 Lester Prairie, Port Merlin, CT 55395,East Leilaniberg,Idaho,45833,908-207-0476,toni@skileskaulke.net
Jaquelin,Morissette,390-47-1457,Suite 673 183 McClure Course, East Terrence, SD 14140,Jacyntheburgh,Indiana,59392,(718) 605-8295,jaquelin@kulas.biz
Woodrow,Hansen,863-71-3399,Suite 682 694 Nia Square, South Mayra, NJ 95638-9337,Lake Bufordchester,Delaware,24508,262-984-5566,woodrow@huels.io
Jamar,Jast,264-11-9288,33637 Brakus Locks, Candacestad, WY 92484,Winnifredberg,Maryland,59891,571-440-4725,jamar@gusikowski.com
Hanna,Harris,214-39-8886,Apt. 811 23896 Reanna Center, East Flavie, AK 15289,Myronfurt,Washington,24859,206-803-0678,hanna@vonruedenfeil.name
Victor,Krajcik,173-12-6837,Apt. 894 9252 Heaney Fork, East Bryon, IL 54449-0365,Wilfredstad,Pennsylvania,28259,915-406-3061,victor@renner.biz
Bryce,Kessler,772-76-6031,Suite 354 3924 Graciela Island, North Abner, NC 12788,West Madaline,Michigan,10095,(901) 318-1208,bryce@ritchie.com
Taya,Koelpin,852-62-1769,Suite 736 187 Kling Station, Jaydashire, MI 84905-6778,Edenburgh,Tennessee,36239,(978) 910-1906,taya@okon.net
Raquel,Fritsch,452-63-1066,41451 Baumbach Mall, South Deborah, TX 42678-1756,Port Stephanside,Maine,89121,772-860-3737,raquel@kaulkerosenbaum.net
Brycen,Kautzer,817-65-7795,Suite 255 59206 Crist Turnpike, East Serenamouth, AR 79299-1922,Dietrichview,Delaware,10310,(503) 201-0638,brycen@bartellokuneva.info
Oral,Carroll,049-28-3561,7506 Alisa Fork, Lake Shea, IN 42344,Lake Lawrence,Nebraska,89332,586.541.8055,oral@krajcik.co
John,Mann,238-43-6483,Apt. 895 397 Hipolito Avenue, East Arlene, AR 29032-7146,East Sammymouth,Georgia,45399,907.913.3927,john@stoltenberghahn.name
Garth,Hoppe,836-16-8925,Apt. 474 22427 Alex Ridges, Port Dominique, MN 39283-1473,Pollichfurt,Montana,39531,251-936-1115,garth@weinat.info
Clifton,Kunze,514-71-2960,66938 Cyrus Fort, Fritzview, KY 25909,Ebertstad,Connecticut,98561,631-218-7333,clifton@kuvalis.info
Onie,Jacobson,738-35-1238,Suite 569 818 Treutel Mountains, Sawaynville, TX 54006-5875,New Clifton,Oregon,50535,(404) 734-6619,onie@kilback.co
Violette,Pouros,237-57-6100,97671 Roslyn Pike, Hillaryfurt, CA 22754,Lake Aubreeville,California,91525,703-424-4010,violette@spencertorphy.co
Elsie,Beatty,822-85-2099,Apt. 941 41324 Legros Cliff, Port Cordiabury, MA 78557,Ebertfurt,Kansas,28152,760-626-3961,elsie@lubowitz.net
Bailey,Keeling,281-40-4963,Suite 510 6006 Harris Crescent, Adolfoshire, MT 69991-0312,North Bernadine,Illinois,99781,770.913.8273,bailey@sporermcclure.co
Anissa,Wisozk,523-91-1319,52991 Cale Gateway, New Kenyonview, KS 60355,Adrianaport,Montana,95052,678-914-0640,anissa@sauer.info
John,Zulauf,471-19-7977,Suite 556 72096 Beau Street, Alexburgh, WI 80375,Port Ignatiusmouth,Oregon,16514,917-808-6986,john@grant.io
Garnett,Thompson,108-16-4016,Apt. 995 99251 Arden Points, North Seamusfurt, PA 38024-8813,Evelynborough,Louisiana,82567,208.937.7427,garnett@carrollernser.co
Kristoffer,Bernier,303-55-4332,Apt. 425 748 Shaina Rapid, Mosciskiport, DE 37081,New Johnnyville,South Dakota,45277,650-719-9836,kristoffer@fritsch.co
Judah,Ankunding,703-02-8829,Suite 111 484 Destiney Ville, West Beverly, VA 87384,Port Laurianne,Kansas,99039,605-757-7258,judah@runolfon.biz
Kenneth,Conn,528-93-7731,Suite 373 6687 Jakayla Forge, Coraberg, ID 68646,Melanyside,Arkansas,65986,517.570.9545,kenneth@hyatt.org
Bradley,McKenzie,747-26-9268,Suite 145 652 Gerlach Hill, Batzmouth, ME 46364-7533,Quintenhaven,Arizona,39133,817-206-8946,bradley@medhurst.com
Carlie,Corkery,510-16-1095,5775 Lorenzo Mount, Lake Stevie, NE 71938,Nelsville,New Jersey,40308,267-214-0016,carlie@crooks.name
Tracey,Green,891-26-4983,Suite 349 340 Rempel Coves, West Trenton, HI 65358-9801,Port Samantha,Missouri,78031,(330) 623-0681,tracey@morar.io
Megane,Connelly,676-39-3892,40944 Blick Canyon, Daronchester, WA 13494,Lake Malindabury,Arizona,10319,339.417.5902,megane@wilderman.biz
Edmund,Dietrich,297-93-1638,76417 Devin Drive, Lake Walterbury, MN 60078-0112,Lake Prince,Ohio,34846,573.732.6380,edmund@nikolausmedhurst.name
Mekhi,Langworth,651-53-1544,Suite 451 677 Beier Crossing, East Leo, AR 59041-9391,West Margieport,Oregon,75102,505-586-2366,mekhi@danielcormier.com
Lelia,Gulgowski,557-65-6052,648 Schmidt Falls, Lake Emelychester, HI 61626-6322,Brauntown,Ohio,23779,262-772-2446,lelia@johns.net
Gavin,Will,143-71-6199,Suite 470 32862 Kirstin Oval, Kaciehaven, NY 96835,Kuphalton,North Carolina,12070,443-808-2568,gavin@von.org
Foster,Hand,260-68-2322,736 Rutherford Track, Kittyview, CO 99329,Bodeton,Ohio,10038,(703) 904-9933,foster@kelerfunk.name
Javonte,Mraz,609-38-7257,Suite 498 475 Halie Lock, New Eusebiotown, HI 24887,West Mackfort,Mississippi,90441,567.719.2359,javonte@hane.com
Lenny,Jerde,369-80-0448,Apt. 695 2505 Alfonso Isle, Rudyhaven, HI 38270-7546,New Sadyebury,Texas,69787,775-606-3078,lenny@kutchdubuque.co
Bettye,Wolf,782-28-9026,Suite 886 2816 Gisselle Land, Hyattmouth, NC 97371,North Roger,Virginia,19705,307.234.8432,bettye@huel.com
